{
  "localService/metadata.xml": 1630036942860,
  "test/changes_preview.js": 1630036942852,
  "utils/locate-reuse-libs.js": 1630036942856,
  "manifest.json": 1630037495228,
  "test/changes_loader.js": 1630036942852,
  "localService/mockserver.js": 1630036942852,
  "Component.js": 1630036942848,
  "manifest-bundle.zip": 1630037827806,
  "Component-preload.js": 1630037828157,
  "test/changes_preview-dbg.js": 1630036942852,
  "utils/locate-reuse-libs-dbg.js": 1630036942856,
  "test/changes_loader-dbg.js": 1630036942852,
  "localService/mockserver-dbg.js": 1630036942852,
  "Component-dbg.js": 1630036942848,
  "test/flpSandboxMockServer.html": 1630036942856,
  "test/flpSandbox.html": 1630036942856,
  "i18n/i18n.properties": 1630036942852,
  "annotations/annotation.xml": 1630036942848,
  "index.html": 1630036942848
}